Key,Name
1,FirstName 1 FirstName 1FirstName 1 FirstName 1 FirstName 1 FirstName 1 FirstName 1 FirstName 1 FirstName 1 FirstName 1 FirstName 1 FirstName 1 FirstName 1 FirstName 1 FirstName 1 FirstName 1 FirstName 1 FirstName 1 FirstName 1 FirstName 1 FirstName 1 FirstName 1 FirstName 1 FirstName 1 FirstName 1 FirstName 1 FirstName 1 FirstName 1 FirstName 1 FirstName 1 FirstName 1 FirstName 1 FirstName 1 FirstName 1 FirstName 1 FirstName 1 FirstName 1 FirstName 1 FirstName 1 FirstName 1 FirstName 1 FirstName 1 FirstName 1 FirstName 1 FirstName 1 FirstName 1 FirstName 1 FirstName 1 FirstName 1 FirstName 1 FirstName 1 FirstName 1 FirstName 1 FirstName 1 FirstName 1 FirstName 1 FirstName 1 FirstName 1 FirstName 1 FirstName 1 FirstName 1 FirstName 1 FirstName 1 FirstName 1 
1,LastName1
1,FirstName2
1,LastName2
1,FirstName3
1,LastName3
1,FirstName4
1,LastName4
1,FirstName5
1,LastName5
